timeStamp,elapsed,label,responseCode,responseMessage,threadName,dataType,success,failureMessage,bytes,sentBytes,grpThreads,allThreads,URL,Latency,IdleTime,Connect
1673513822833,4571,HTTP Request,200,OK,W3 traffic 1-5,text,true,,119681,119,119,119,https://www.w3schools.com/,1925,0,1145
1673513823410,4120,HTTP Request,200,OK,W3 traffic 1-20,text,true,,119682,119,122,122,https://www.w3schools.com/,1542,0,571
1673513823337,4618,HTTP Request,200,OK,W3 traffic 1-18,text,true,,119681,119,131,131,https://www.w3schools.com/,759,0,651
1673513823050,4919,HTTP Request,200,OK,W3 traffic 1-11,text,true,,119681,119,131,131,https://www.w3schools.com/,1089,0,932
1673513823449,4638,HTTP Request,200,OK,W3 traffic 1-21,text,true,,119682,119,133,133,https://www.w3schools.com/,823,0,535
1673513822833,5300,HTTP Request,200,OK,W3 traffic 1-2,text,true,,119682,119,133,133,https://www.w3schools.com/,1517,0,1157
1673513823132,5053,HTTP Request,200,OK,W3 traffic 1-13,text,true,,119681,119,133,133,https://www.w3schools.com/,1338,0,848
1673513822893,5430,HTTP Request,200,OK,W3 traffic 1-7,text,true,,119681,119,135,135,https://www.w3schools.com/,1607,0,1094
1673513822833,5587,HTTP Request,200,OK,W3 traffic 1-3,text,true,,119681,119,137,137,https://www.w3schools.com/,1757,0,1153
1673513823769,4764,HTTP Request,200,OK,W3 traffic 1-29,text,true,,119681,119,139,139,https://www.w3schools.com/,901,0,209
1673513822971,5996,HTTP Request,200,OK,W3 traffic 1-9,text,true,,119681,119,148,148,https://www.w3schools.com/,2054,0,1016
1673513823298,5770,HTTP Request,200,OK,W3 traffic 1-17,text,true,,119682,119,150,150,https://www.w3schools.com/,1961,0,694
1673513823489,5612,HTTP Request,200,OK,W3 traffic 1-22,text,true,,119681,119,150,150,https://www.w3schools.com/,727,0,493
1673513822853,6670,HTTP Request,200,OK,W3 traffic 1-6,text,true,,119682,119,159,159,https://www.w3schools.com/,1606,0,1136
1673513823089,7156,HTTP Request,200,OK,W3 traffic 1-12,text,true,,119681,119,176,176,https://www.w3schools.com/,1840,0,891
1673513823651,7032,HTTP Request,200,OK,W3 traffic 1-26,text,true,,119681,119,186,186,https://www.w3schools.com/,426,0,339
1673513823568,8483,HTTP Request,200,OK,W3 traffic 1-24,text,true,,119682,119,220,220,https://www.w3schools.com/,517,0,415
1673513824328,8085,HTTP Request,200,OK,W3 traffic 1-43,text,true,,119682,119,228,228,https://www.w3schools.com/,3947,0,2826
1673513824450,8067,HTTP Request,200,OK,W3 traffic 1-46,text,true,,119682,119,229,229,https://www.w3schools.com/,3901,0,2726
1673513824698,8066,HTTP Request,200,OK,W3 traffic 1-52,text,true,,119682,119,231,231,https://www.w3schools.com/,3881,0,2654
1673513823210,10094,HTTP Request,200,OK,W3 traffic 1-15,text,true,,119682,119,230,230,https://www.w3schools.com/,859,0,770
1673513824770,9447,HTTP Request,200,OK,W3 traffic 1-54,text,true,,119681,119,229,229,https://www.w3schools.com/,3887,0,2634
1673513823013,11563,HTTP Request,200,OK,W3 traffic 1-10,text,true,,119682,119,228,228,https://www.w3schools.com/,2297,0,978
1673513825486,9371,HTTP Request,200,OK,W3 traffic 1-72,text,true,,119682,119,227,227,https://www.w3schools.com/,3849,0,2471
1673513823762,11146,HTTP Request,200,OK,W3 traffic 1-28,text,true,,119681,119,226,226,https://www.w3schools.com/,304,0,216
1673513825889,10816,HTTP Request,200,OK,W3 traffic 1-82,text,true,,119681,119,225,225,https://www.w3schools.com/,3906,0,2518
1673513824532,12224,HTTP Request,200,OK,W3 traffic 1-48,text,true,,119681,119,224,224,https://www.w3schools.com/,3962,0,2737
1673513822935,13928,HTTP Request,200,OK,W3 traffic 1-8,text,true,,119681,119,223,223,https://www.w3schools.com/,1735,0,1056
1673513824012,13205,HTTP Request,200,OK,W3 traffic 1-35,text,true,,119682,119,222,222,https://www.w3schools.com/,4892,0,3527
1673513823689,13559,HTTP Request,200,OK,W3 traffic 1-27,text,true,,119682,119,221,221,https://www.w3schools.com/,1392,0,296
1673513825250,14925,HTTP Request,200,OK,W3 traffic 1-66,text,true,,119681,119,220,220,https://www.w3schools.com/,6612,0,2477
1673513823370,16905,HTTP Request,200,OK,W3 traffic 1-19,text,true,,119681,119,219,219,https://www.w3schools.com/,1805,0,619
1673513825369,14960,HTTP Request,200,OK,W3 traffic 1-69,text,true,,119681,119,218,218,https://www.w3schools.com/,6606,0,2485
1673513826889,13542,HTTP Request,200,OK,W3 traffic 1-107,text,true,,119681,119,217,217,https://www.w3schools.com/,6621,0,2463
1673513828287,12435,HTTP Request,200,OK,W3 traffic 1-142,text,true,,119681,119,216,216,https://www.w3schools.com/,4152,0,2779
1673513828488,12451,HTTP Request,200,OK,W3 traffic 1-147,text,true,,119681,119,215,215,https://www.w3schools.com/,8272,0,2756
1673513826088,14935,HTTP Request,200,OK,W3 traffic 1-87,text,true,,119681,119,214,214,https://www.w3schools.com/,7988,0,2468
1673513827410,13721,HTTP Request,200,OK,W3 traffic 1-120,text,true,,119681,119,213,213,https://www.w3schools.com/,6818,0,2739
1673513827487,13789,HTTP Request,200,OK,W3 traffic 1-122,text,true,,119682,119,212,212,https://www.w3schools.com/,6913,0,2754
1673513823810,17966,HTTP Request,200,OK,W3 traffic 1-30,text,true,,119681,119,211,211,https://www.w3schools.com/,256,0,167
1673513825571,16295,HTTP Request,200,OK,W3 traffic 1-74,text,true,,119682,119,210,210,https://www.w3schools.com/,9367,0,2453
1673513824889,17285,HTTP Request,200,OK,W3 traffic 1-57,text,true,,119681,119,209,209,https://www.w3schools.com/,3924,0,2578
1673513826328,16385,HTTP Request,200,OK,W3 traffic 1-93,text,true,,119682,119,208,208,https://www.w3schools.com/,6687,0,2543
1673513825850,16997,HTTP Request,200,OK,W3 traffic 1-81,text,true,,119682,119,207,207,https://www.w3schools.com/,8039,0,3919
1673513826849,16283,HTTP Request,200,OK,W3 traffic 1-106,text,true,,119681,119,206,206,https://www.w3schools.com/,6561,0,2414
1673513830093,13872,HTTP Request,200,OK,W3 traffic 1-187,text,true,,119681,119,205,205,https://www.w3schools.com/,4171,0,2780
1673513826210,17764,HTTP Request,200,OK,W3 traffic 1-90,text,true,,119682,119,204,204,https://www.w3schools.com/,6711,0,2574
1673513825610,18554,HTTP Request,200,OK,W3 traffic 1-75,text,true,,119682,119,203,203,https://www.w3schools.com/,3851,0,2457
1673513824052,20208,HTTP Request,200,OK,W3 traffic 1-36,text,true,,119682,119,202,202,https://www.w3schools.com/,4949,0,3563
1673513823858,20824,HTTP Request,200,OK,W3 traffic 1-31,text,true,,119681,119,201,201,https://www.w3schools.com/,1580,0,170
1673513825090,20521,HTTP Request,200,OK,W3 traffic 1-62,text,true,,119681,119,200,200,https://www.w3schools.com/,8066,0,2544
1673513828087,18058,HTTP Request,200,OK,W3 traffic 1-137,text,true,,119681,119,199,199,https://www.w3schools.com/,6966,0,2792
1673513831328,15180,HTTP Request,200,OK,W3 traffic 1-218,text,true,,119681,119,198,198,https://www.w3schools.com/,6934,0,2782
1673513826169,20419,HTTP Request,200,OK,W3 traffic 1-89,text,true,,119681,119,197,197,https://www.w3schools.com/,9367,0,2458
1673513831448,15297,HTTP Request,200,OK,W3 traffic 1-221,text,true,,119681,119,196,196,https://www.w3schools.com/,8326,0,2780
1673513828849,18015,HTTP Request,200,OK,W3 traffic 1-156,text,true,,119681,119,195,195,https://www.w3schools.com/,8001,0,2781
1673513827888,19071,HTTP Request,200,OK,W3 traffic 1-132,text,true,,119681,119,194,194,https://www.w3schools.com/,11514,0,4534
1673513826969,20377,HTTP Request,200,OK,W3 traffic 1-109,text,true,,119681,119,193,193,https://www.w3schools.com/,9329,0,2434
1673513828168,19429,HTTP Request,200,OK,W3 traffic 1-139,text,true,,119681,119,192,192,https://www.w3schools.com/,9722,0,4192
1673513829647,17967,HTTP Request,200,OK,W3 traffic 1-176,text,true,,119681,119,191,191,https://www.w3schools.com/,6897,0,2759
1673513829810,17967,HTTP Request,200,OK,W3 traffic 1-180,text,true,,119681,119,190,190,https://www.w3schools.com/,8285,0,2771
1673513825050,23174,HTTP Request,200,OK,W3 traffic 1-61,text,true,,119681,119,189,189,https://www.w3schools.com/,10696,0,5173
1673513827170,21191,HTTP Request,200,OK,W3 traffic 1-114,text,true,,119681,119,188,188,https://www.w3schools.com/,3954,0,2564
1673513826451,22000,HTTP Request,200,OK,W3 traffic 1-96,text,true,,119681,119,187,187,https://www.w3schools.com/,3919,0,2535
1673513828529,20052,HTTP Request,200,OK,W3 traffic 1-148,text,true,,119681,119,186,186,https://www.w3schools.com/,8272,0,2741
1673513824370,24632,HTTP Request,200,OK,W3 traffic 1-44,text,true,,119681,119,185,185,https://www.w3schools.com/,9356,0,3804
1673513828331,20751,HTTP Request,200,OK,W3 traffic 1-143,text,true,,119681,119,184,184,https://www.w3schools.com/,4154,0,2770
1673513829207,20311,HTTP Request,200,OK,W3 traffic 1-165,text,true,,119682,119,183,183,https://www.w3schools.com/,12025,0,3768
1673513829130,20732,HTTP Request,200,OK,W3 traffic 1-163,text,true,,119682,119,182,182,https://www.w3schools.com/,9689,0,2768
1673513825409,24495,HTTP Request,200,OK,W3 traffic 1-70,text,true,,119681,119,181,181,https://www.w3schools.com/,6534,0,2423
1673513823930,25983,HTTP Request,200,OK,W3 traffic 1-33,text,true,,119681,119,180,180,https://www.w3schools.com/,9370,0,1446
1673513827847,22178,HTTP Request,200,OK,W3 traffic 1-131,text,true,,119681,119,179,179,https://www.w3schools.com/,8316,0,2766
1673513827208,22988,HTTP Request,200,OK,W3 traffic 1-115,text,true,,119681,119,178,178,https://www.w3schools.com/,13340,0,5001
1673513825810,24502,HTTP Request,200,OK,W3 traffic 1-80,text,true,,119681,119,177,177,https://www.w3schools.com/,9281,0,2366
1673513827372,23399,HTTP Request,200,OK,W3 traffic 1-119,text,true,,119682,119,176,176,https://www.w3schools.com/,9560,0,2642
1673513830288,20565,HTTP Request,200,OK,W3 traffic 1-192,text,true,,119681,119,175,175,https://www.w3schools.com/,12195,0,7990
1673513828449,22516,HTTP Request,200,OK,W3 traffic 1-146,text,true,,119682,119,174,174,https://www.w3schools.com/,9355,0,2756
1673513827009,24527,HTTP Request,200,OK,W3 traffic 1-110,text,true,,119681,119,173,173,https://www.w3schools.com/,7961,0,2428
1673513827133,24810,HTTP Request,200,OK,W3 traffic 1-112,text,true,,119681,119,172,172,https://www.w3schools.com/,6564,0,2405
1673513832048,19916,HTTP Request,200,OK,W3 traffic 1-236,text,true,,119682,119,171,171,https://www.w3schools.com/,8315,0,2785
1673513826129,26018,HTTP Request,200,OK,W3 traffic 1-88,text,true,,119681,119,170,170,https://www.w3schools.com/,6639,0,2488
1673513830130,22111,HTTP Request,200,OK,W3 traffic 1-188,text,true,,119682,119,169,169,https://www.w3schools.com/,9668,0,2763
1673513829288,23188,HTTP Request,200,OK,W3 traffic 1-167,text,true,,119681,119,168,168,https://www.w3schools.com/,12128,0,5188
1673513830648,22123,HTTP Request,200,OK,W3 traffic 1-201,text,true,,119682,119,167,167,https://www.w3schools.com/,12455,0,2776
1673513823928,29100,HTTP Request,200,OK,W3 traffic 1-32,text,true,,119681,119,166,166,https://www.w3schools.com/,11004,0,1448
1673513828568,24589,HTTP Request,200,OK,W3 traffic 1-149,text,true,,119681,119,165,165,https://www.w3schools.com/,16321,0,8322
1673513824650,28733,HTTP Request,200,OK,W3 traffic 1-51,text,true,,119682,119,164,164,https://www.w3schools.com/,18857,0,3907
1673513826013,27445,HTTP Request,200,OK,W3 traffic 1-85,text,true,,119681,119,163,163,https://www.w3schools.com/,3912,0,2526
1673513829088,24429,HTTP Request,200,OK,W3 traffic 1-162,text,true,,119681,119,162,162,https://www.w3schools.com/,13964,0,8394
1673513827291,26228,HTTP Request,200,OK,W3 traffic 1-117,text,true,,119682,119,162,162,https://www.w3schools.com/,4038,0,2652
1673513827768,25771,HTTP Request,200,OK,W3 traffic 1-129,text,true,,119681,119,160,160,https://www.w3schools.com/,14969,0,2793
1673513829248,24647,HTTP Request,200,OK,W3 traffic 1-166,text,true,,119682,119,159,159,https://www.w3schools.com/,14918,0,3784
1673513827807,26263,HTTP Request,200,OK,W3 traffic 1-130,text,true,,119682,119,158,158,https://www.w3schools.com/,9694,0,2766
1673513830851,23628,HTTP Request,200,OK,W3 traffic 1-206,text,true,,119681,119,157,157,https://www.w3schools.com/,12539,0,6993
1673513827607,26908,HTTP Request,200,OK,W3 traffic 1-125,text,true,,119681,119,156,156,https://www.w3schools.com/,18634,0,14481
1673513825769,28925,HTTP Request,200,OK,W3 traffic 1-79,text,true,,119682,119,155,155,https://www.w3schools.com/,9285,0,2399
1673513826569,28441,HTTP Request,200,OK,W3 traffic 1-99,text,true,,119681,119,154,154,https://www.w3schools.com/,12102,0,7940
1673513826531,28584,HTTP Request,200,OK,W3 traffic 1-98,text,true,,119681,119,153,153,https://www.w3schools.com/,13234,0,6339
1673513829771,25393,HTTP Request,200,OK,W3 traffic 1-179,text,true,,119682,119,152,152,https://www.w3schools.com/,13511,0,5203
1673513824129,31159,HTTP Request,200,OK,W3 traffic 1-38,text,true,,119681,119,151,151,https://www.w3schools.com/,9056,0,4927
1673513828927,26398,HTTP Request,200,OK,W3 traffic 1-158,text,true,,119682,119,150,150,https://www.w3schools.com/,20847,0,2792
1673513825290,30049,HTTP Request,200,OK,W3 traffic 1-67,text,true,,119682,119,149,149,https://www.w3schools.com/,10567,0,4979
1673513824249,31210,HTTP Request,200,OK,W3 traffic 1-41,text,true,,119681,119,148,148,https://www.w3schools.com/,11772,0,4854
1673513826410,29068,HTTP Request,200,OK,W3 traffic 1-95,text,true,,119681,119,147,147,https://www.w3schools.com/,10496,0,2571
1673513830892,24598,HTTP Request,200,OK,W3 traffic 1-207,text,true,,119681,119,146,146,https://www.w3schools.com/,17781,0,3797
1673513825448,30127,HTTP Request,200,OK,W3 traffic 1-71,text,true,,119681,119,145,145,https://www.w3schools.com/,9342,0,2432
1673513831928,23720,HTTP Request,200,OK,W3 traffic 1-233,text,true,,119681,119,144,144,https://www.w3schools.com/,15434,0,2800
1673513832609,23099,HTTP Request,200,OK,W3 traffic 1-250,text,true,,119682,119,143,143,https://www.w3schools.com/,10660,0,5165
1673513831050,24747,HTTP Request,200,OK,W3 traffic 1-211,text,true,,119681,119,142,142,https://www.w3schools.com/,10740,0,3767
1673513831247,24581,HTTP Request,200,OK,W3 traffic 1-216,text,true,,119681,119,141,141,https://www.w3schools.com/,9715,0,2787
1673513827690,28148,HTTP Request,200,OK,W3 traffic 1-127,text,true,,119681,119,140,140,https://www.w3schools.com/,16975,0,5180
1673513826929,29091,HTTP Request,200,OK,W3 traffic 1-108,text,true,,119681,119,139,139,https://www.w3schools.com/,16444,0,6773
1673513831088,25006,HTTP Request,200,OK,W3 traffic 1-212,text,true,,119682,119,138,138,https://www.w3schools.com/,9726,0,4166
1673513832248,24300,HTTP Request,200,OK,W3 traffic 1-241,text,true,,119681,119,137,137,https://www.w3schools.com/,11097,0,4171
1673513831609,25018,HTTP Request,200,OK,W3 traffic 1-225,text,true,,119681,119,136,136,https://www.w3schools.com/,9724,0,4162
1673513825328,31448,HTTP Request,200,OK,W3 traffic 1-68,text,true,,119681,119,135,135,https://www.w3schools.com/,9358,0,2444
1673513825527,31382,HTTP Request,200,OK,W3 traffic 1-73,text,true,,119682,119,134,134,https://www.w3schools.com/,9346,0,2454
1673513828209,28773,HTTP Request,200,OK,W3 traffic 1-140,text,true,,119682,119,133,133,https://www.w3schools.com/,10689,0,5148
1673513830414,26589,HTTP Request,200,OK,W3 traffic 1-195,text,true,,119682,119,132,132,https://www.w3schools.com/,8314,0,2786
1673513831888,25142,HTTP Request,200,OK,W3 traffic 1-232,text,true,,119681,119,131,131,https://www.w3schools.com/,11241,0,4191
1673513825649,31477,HTTP Request,200,OK,W3 traffic 1-76,text,true,,119681,119,130,130,https://www.w3schools.com/,10752,0,3831
1673513828049,29119,HTTP Request,200,OK,W3 traffic 1-136,text,true,,119682,119,129,129,https://www.w3schools.com/,13170,0,4172
1673513829368,27820,HTTP Request,200,OK,W3 traffic 1-169,text,true,,119681,119,128,128,https://www.w3schools.com/,17500,0,10628
1673513832208,25071,HTTP Request,200,OK,W3 traffic 1-240,text,true,,119681,119,127,127,https://www.w3schools.com/,18278,0,12759
1673513823986,33571,HTTP Request,200,OK,W3 traffic 1-34,text,true,,119682,119,126,126,https://www.w3schools.com/,12695,0,5786
1673513827527,30049,HTTP Request,200,OK,W3 traffic 1-123,text,true,,119681,119,125,125,https://www.w3schools.com/,16864,0,7042
1673513825128,32486,HTTP Request,200,OK,W3 traffic 1-63,text,true,,119682,119,124,124,https://www.w3schools.com/,17356,0,2565
1673513831128,26728,HTTP Request,200,OK,W3 traffic 1-213,text,true,,119681,119,123,123,https://www.w3schools.com/,11087,0,2792
1673513828809,29094,HTTP Request,200,OK,W3 traffic 1-155,text,true,,119682,119,122,122,https://www.w3schools.com/,16603,0,6871
1673513828248,29864,HTTP Request,200,OK,W3 traffic 1-141,text,true,,119681,119,121,121,https://www.w3schools.com/,9667,0,4144
1673513826649,31539,HTTP Request,200,OK,W3 traffic 1-101,text,true,,119681,119,120,120,https://www.w3schools.com/,9388,0,3856
1673513828768,29473,HTTP Request,200,OK,W3 traffic 1-154,text,true,,119682,119,119,119,https://www.w3schools.com/,7676,0,2798
1673513828371,29959,HTTP Request,200,OK,W3 traffic 1-144,text,true,,119681,119,118,118,https://www.w3schools.com/,9738,0,4174
1673513830488,27962,HTTP Request,200,OK,W3 traffic 1-197,text,true,,119681,119,117,117,https://www.w3schools.com/,14037,0,7097
1673513830530,27925,HTTP Request,200,OK,W3 traffic 1-198,text,true,,119681,119,116,116,https://www.w3schools.com/,12796,0,3787
1673513828608,30030,HTTP Request,200,OK,W3 traffic 1-150,text,true,,119682,119,115,115,https://www.w3schools.com/,17653,0,8293
1673513831489,27181,HTTP Request,200,OK,W3 traffic 1-222,text,true,,119681,119,114,114,https://www.w3schools.com/,9682,0,2759
1673513824929,33742,HTTP Request,200,OK,W3 traffic 1-58,text,true,,119682,119,114,114,https://www.w3schools.com/,10926,0,3951
1673513831731,26951,HTTP Request,200,OK,W3 traffic 1-228,text,true,,119681,119,112,112,https://www.w3schools.com/,14136,0,5177
1673513832008,26717,HTTP Request,200,OK,W3 traffic 1-235,text,true,,119682,119,111,111,https://www.w3schools.com/,18294,0,7025
1673513830768,28183,HTTP Request,200,OK,W3 traffic 1-204,text,true,,119681,119,110,110,https://www.w3schools.com/,19961,0,3793
1673513830332,28658,HTTP Request,200,OK,W3 traffic 1-193,text,true,,119682,119,109,109,https://www.w3schools.com/,14840,0,9317
1673513826051,33095,HTTP Request,200,OK,W3 traffic 1-86,text,true,,119682,119,108,108,https://www.w3schools.com/,9456,0,2519
1673513827929,31337,HTTP Request,200,OK,W3 traffic 1-133,text,true,,119681,119,107,107,https://www.w3schools.com/,4169,0,2784
1673513827735,31840,HTTP Request,200,OK,W3 traffic 1-128,text,true,,119681,119,106,106,https://www.w3schools.com/,15280,0,2778
1673513829329,30270,HTTP Request,200,OK,W3 traffic 1-168,text,true,,119682,119,105,105,https://www.w3schools.com/,13158,0,7572
1673513829972,29682,HTTP Request,200,OK,W3 traffic 1-184,text,true,,119681,119,104,104,https://www.w3schools.com/,11822,0,4171
1673513824409,35299,HTTP Request,200,OK,W3 traffic 1-45,text,true,,119681,119,103,103,https://www.w3schools.com/,9266,0,3746
1673513824730,35290,HTTP Request,200,OK,W3 traffic 1-53,text,true,,119681,119,102,102,https://www.w3schools.com/,17434,0,3890
1673513827049,32982,HTTP Request,200,OK,W3 traffic 1-111,text,true,,119681,119,101,101,https://www.w3schools.com/,23475,0,15108
1673513828728,31441,HTTP Request,200,OK,W3 traffic 1-153,text,true,,119681,119,100,100,https://www.w3schools.com/,12047,0,5141
1673513824088,36271,HTTP Request,200,OK,W3 traffic 1-37,text,true,,119681,119,99,99,https://www.w3schools.com/,13582,0,3877
1673513829569,30792,HTTP Request,200,OK,W3 traffic 1-174,text,true,,119681,119,99,99,https://www.w3schools.com/,15699,0,10080
1673513830969,29482,HTTP Request,200,OK,W3 traffic 1-209,text,true,,119682,119,97,97,https://www.w3schools.com/,14456,0,7543
1673513826689,33822,HTTP Request,200,OK,W3 traffic 1-102,text,true,,119681,119,96,96,https://www.w3schools.com/,17755,0,8054
1673513831812,28723,HTTP Request,200,OK,W3 traffic 1-230,text,true,,119682,119,95,95,https://www.w3schools.com/,17853,0,6570
1673513826489,34125,HTTP Request,200,OK,W3 traffic 1-97,text,true,,119682,119,94,94,https://www.w3schools.com/,14950,0,7999
1673513827650,32965,HTTP Request,200,OK,W3 traffic 1-126,text,true,,119682,119,94,94,https://www.w3schools.com/,11120,0,2787
1673513830211,30410,HTTP Request,200,OK,W3 traffic 1-190,text,true,,119681,119,92,92,https://www.w3schools.com/,10767,0,5218
1673513831969,28652,HTTP Request,200,OK,W3 traffic 1-234,text,true,,119681,119,92,92,https://www.w3schools.com/,19044,0,6577
1673513831530,29099,HTTP Request,200,OK,W3 traffic 1-223,text,true,,119681,119,90,90,https://www.w3schools.com/,19451,0,6542
1673513825209,35474,HTTP Request,200,OK,W3 traffic 1-65,text,true,,119682,119,89,89,https://www.w3schools.com/,9401,0,2497
1673513832448,28335,HTTP Request,200,OK,W3 traffic 1-246,text,true,,119682,119,88,88,https://www.w3schools.com/,10470,0,4906
1673513826253,34563,HTTP Request,200,OK,W3 traffic 1-91,text,true,,119682,119,87,87,https://www.w3schools.com/,17504,0,5691
1673513829168,31665,HTTP Request,200,OK,W3 traffic 1-164,text,true,,119682,119,86,86,https://www.w3schools.com/,14528,0,4164
1673513824171,36776,HTTP Request,200,OK,W3 traffic 1-39,text,true,,119681,119,85,85,https://www.w3schools.com/,14156,0,5846
1673513828887,32130,HTTP Request,200,OK,W3 traffic 1-157,text,true,,119682,119,84,84,https://www.w3schools.com/,26847,0,15605
1673513824210,36861,HTTP Request,200,OK,W3 traffic 1-40,text,true,,119682,119,83,83,https://www.w3schools.com/,24562,0,16242
1673513831169,29906,HTTP Request,200,OK,W3 traffic 1-214,text,true,,119681,119,82,82,https://www.w3schools.com/,19295,0,3775
1673513825008,36166,HTTP Request,200,OK,W3 traffic 1-60,text,true,,119682,119,81,81,https://www.w3schools.com/,21295,0,4928
1673513829489,31750,HTTP Request,200,OK,W3 traffic 1-172,text,true,,119681,119,80,80,https://www.w3schools.com/,18305,0,2761
1673513831687,29590,HTTP Request,200,OK,W3 traffic 1-227,text,true,,119681,119,79,79,https://www.w3schools.com/,18945,0,9267
1673513830171,31238,HTTP Request,200,OK,W3 traffic 1-189,text,true,,119682,119,78,78,https://www.w3schools.com/,23423,0,7037
1673513830928,30544,HTTP Request,200,OK,W3 traffic 1-208,text,true,,119681,119,77,77,https://www.w3schools.com/,21128,0,14494
1673513832089,29496,HTTP Request,200,OK,W3 traffic 1-237,text,true,,119681,119,76,76,https://www.w3schools.com/,17571,0,10642
1673513824808,36786,HTTP Request,200,OK,W3 traffic 1-55,text,true,,119681,119,75,75,https://www.w3schools.com/,3902,0,2598
1673513832368,29303,HTTP Request,200,OK,W3 traffic 1-244,text,true,,119681,119,74,74,https://www.w3schools.com/,20097,0,8676
1673513830449,31283,HTTP Request,200,OK,W3 traffic 1-196,text,true,,119681,119,73,73,https://www.w3schools.com/,18036,0,2780
1673513824570,37282,HTTP Request,200,OK,W3 traffic 1-49,text,true,,119681,119,72,72,https://www.w3schools.com/,19187,0,3902
1673513831368,30697,HTTP Request,200,OK,W3 traffic 1-219,text,true,,119682,119,71,71,https://www.w3schools.com/,16117,0,9177
1673513829051,33017,HTTP Request,200,OK,W3 traffic 1-161,text,true,,119682,119,70,70,https://www.w3schools.com/,22582,0,15663
1673513832289,29847,HTTP Request,200,OK,W3 traffic 1-242,text,true,,119682,119,69,69,https://www.w3schools.com/,16861,0,7156
1673513825929,36223,HTTP Request,200,OK,W3 traffic 1-83,text,true,,119681,119,68,68,https://www.w3schools.com/,16921,0,5760
1673513829011,33257,HTTP Request,200,OK,W3 traffic 1-160,text,true,,119682,119,67,67,https://www.w3schools.com/,21642,0,4170
1673513828650,33767,HTTP Request,200,OK,W3 traffic 1-151,text,true,,119681,119,66,66,https://www.w3schools.com/,11073,0,2784
1673513826769,35697,HTTP Request,200,OK,W3 traffic 1-104,text,true,,119682,119,65,65,https://www.w3schools.com/,18693,0,3435
1673513828007,34619,HTTP Request,200,OK,W3 traffic 1-135,text,true,,119681,119,64,64,https://www.w3schools.com/,19196,0,8412
1673513830689,31950,HTTP Request,200,OK,W3 traffic 1-202,text,true,,119681,119,63,63,https://www.w3schools.com/,22124,0,4146
1673513829607,33080,HTTP Request,200,OK,W3 traffic 1-175,text,true,,119682,119,62,62,https://www.w3schools.com/,16863,0,7080
1673513831010,31754,HTTP Request,200,OK,W3 traffic 1-210,text,true,,119682,119,61,61,https://www.w3schools.com/,16563,0,8229
1673513827337,35486,HTTP Request,200,OK,W3 traffic 1-118,text,true,,119682,119,60,60,https://www.w3schools.com/,18101,0,2628
1673513831206,31650,HTTP Request,200,OK,W3 traffic 1-215,text,true,,119682,119,59,59,https://www.w3schools.com/,24816,0,7050
1673513824489,38403,HTTP Request,200,OK,W3 traffic 1-47,text,true,,119681,119,58,58,https://www.w3schools.com/,13143,0,4856
1673513829408,33539,